campaign_name,Total_Ad_Spend_USD,Net_Revenue_USD,CAC_per_Paid_Customer,ROAS_%,Revenue_Per_$1_Spent
Campaign_F,11435.58,37023.9848,49.93703056768559,323.7613203702829,$3.24
Campaign_B,8506.01,27310.92672,44.53408376963351,321.0779992029165,$3.21
Campaign_A,26726.91,72888.6162,55.33521739130435,272.7162107404111,$2.73
Campaign_D,14442.82,38117.8738,53.294538745387456,263.9226536091982,$2.64
Campaign_E,18403.57,42197.47816,59.75185064935065,229.28963326137267,$2.29
Campaign_C,21152.93,46675.8154,66.93965189873418,220.6588656985108,$2.21
