utm_source,Total_Paid_Users,Avg_Billing_Cycles,Churn_Rate_%
referral,362,1.0607734806629834,20.718232044198896
direct,433,0.9792147806004619,21.247113163972287
facebook,429,0.9766899766899767,20.04662004662005
google,398,0.9673366834170855,22.110552763819097
organic,401,0.9476309226932669,19.70074812967581
email,397,0.9395465994962217,19.899244332493705
